,hour,average_value
24,2025-06-01 00:00:00,50.44690553745929
25,2025-06-01 01:00:00,50.022047894302226
26,2025-06-01 02:00:00,49.45783828382839
27,2025-06-01 03:00:00,50.19847634322374
28,2025-06-01 04:00:00,48.74841745081266
29,2025-06-01 05:00:00,50.695778145695364
30,2025-06-01 06:00:00,50.72584921292461
31,2025-06-01 07:00:00,49.313908313908314
32,2025-06-01 08:00:00,49.95399176954732
33,2025-06-01 09:00:00,49.04220890410959
34,2025-06-01 10:00:00,49.216479723899916
35,2025-06-01 11:00:00,48.46521739130434
36,2025-06-01 12:00:00,49.93422370617696
37,2025-06-01 13:00:00,49.86935201401051
38,2025-06-01 14:00:00,49.43891362422084
39,2025-06-01 15:00:00,49.11746575342465
40,2025-06-01 16:00:00,49.96637239165329
41,2025-06-01 17:00:00,52.27139013452915
42,2025-06-01 18:00:00,49.280491803278686
43,2025-06-01 19:00:00,49.89786871270247
44,2025-06-01 20:00:00,49.75905982905983
45,2025-06-01 21:00:00,50.507751937984494
46,2025-06-01 22:00:00,50.16143958868895
47,2025-06-01 23:00:00,49.50383959044368
624,2025-06-02 00:00:00,51.93010204081633
625,2025-06-02 01:00:00,48.76872759856631
626,2025-06-02 02:00:00,49.57992700729927
627,2025-06-02 03:00:00,51.69378238341969
628,2025-06-02 04:00:00,50.42172818791946
629,2025-06-02 05:00:00,49.6740350877193
630,2025-06-02 06:00:00,50.23095637583893
631,2025-06-02 07:00:00,49.033166666666666
632,2025-06-02 08:00:00,48.98424599831508
633,2025-06-02 09:00:00,50.0526661197703
634,2025-06-02 10:00:00,49.32242677824268
635,2025-06-02 11:00:00,48.86692439862543
636,2025-06-02 12:00:00,48.56963696369637
637,2025-06-02 13:00:00,51.61154163231657
638,2025-06-02 14:00:00,50.53210616438356
639,2025-06-02 15:00:00,51.13138111888112
640,2025-06-02 16:00:00,50.16842553191489
641,2025-06-02 17:00:00,50.10026431718062
642,2025-06-02 18:00:00,50.57267292912041
643,2025-06-02 19:00:00,50.783690987124466
644,2025-06-02 20:00:00,49.80500438981563
645,2025-06-02 21:00:00,51.77635303913406
646,2025-06-02 22:00:00,49.13894830659537
647,2025-06-02 23:00:00,50.25666957279861
384,2025-06-03 00:00:00,49.686290322580646
385,2025-06-03 01:00:00,49.386038687973084
386,2025-06-03 02:00:00,49.831488203266794
387,2025-06-03 03:00:00,47.811548117154814
388,2025-06-03 04:00:00,49.21100840336134
389,2025-06-03 05:00:00,49.1714405360134
390,2025-06-03 06:00:00,49.60392491467577
391,2025-06-03 07:00:00,50.521140939597316
392,2025-06-03 08:00:00,49.023474576271184
393,2025-06-03 09:00:00,50.828142741281425
394,2025-06-03 10:00:00,50.05436473638721
395,2025-06-03 11:00:00,50.6257264957265
396,2025-06-03 12:00:00,50.19332129963899
397,2025-06-03 13:00:00,49.90321252059308
398,2025-06-03 14:00:00,48.218204488778056
399,2025-06-03 15:00:00,50.15125223613595
400,2025-06-03 16:00:00,49.73502109704641
401,2025-06-03 17:00:00,48.567523564695804
402,2025-06-03 18:00:00,50.10116472545757
403,2025-06-03 19:00:00,49.957347972972975
404,2025-06-03 20:00:00,51.128397212543554
405,2025-06-03 21:00:00,50.646140939597316
406,2025-06-03 22:00:00,49.03631624674197
407,2025-06-03 23:00:00,49.95134907251265
240,2025-06-04 00:00:00,49.57433862433863
241,2025-06-04 01:00:00,50.870044052863435
242,2025-06-04 02:00:00,51.206553398058254
243,2025-06-04 03:00:00,51.13536480686695
244,2025-06-04 04:00:00,50.22411604714415
245,2025-06-04 05:00:00,50.396380471380475
246,2025-06-04 06:00:00,50.37198641765704
247,2025-06-04 07:00:00,49.497800338409476
248,2025-06-04 08:00:00,49.0290756302521
249,2025-06-04 09:00:00,51.668504594820384
250,2025-06-04 10:00:00,49.43426510369702
251,2025-06-04 11:00:00,50.25279866332498
252,2025-06-04 12:00:00,50.08337707786527
253,2025-06-04 13:00:00,48.355
254,2025-06-04 14:00:00,48.817217391304354
255,2025-06-04 15:00:00,50.46310160427807
256,2025-06-04 16:00:00,50.43091508656224
257,2025-06-04 17:00:00,50.10188679245283
258,2025-06-04 18:00:00,50.26054421768708
259,2025-06-04 19:00:00,51.17479674796748
260,2025-06-04 20:00:00,50.52844827586207
261,2025-06-04 21:00:00,50.05407470288625
262,2025-06-04 22:00:00,49.876635514018695
263,2025-06-04 23:00:00,48.59013266998341
96,2025-06-05 00:00:00,48.41596360628619
97,2025-06-05 01:00:00,48.910726950354615
98,2025-06-05 02:00:00,50.66227233304423
99,2025-06-05 03:00:00,50.39006908462867
100,2025-06-05 04:00:00,50.287952822240946
101,2025-06-05 05:00:00,49.6144089732528
102,2025-06-05 06:00:00,49.5367506516073
103,2025-06-05 07:00:00,48.86691297208539
104,2025-06-05 08:00:00,50.27578253706755
105,2025-06-05 09:00:00,49.746198830409355
106,2025-06-05 10:00:00,50.52595356550581
107,2025-06-05 11:00:00,50.422762814943525
108,2025-06-05 12:00:00,50.699999999999996
109,2025-06-05 13:00:00,49.657568027210885
110,2025-06-05 14:00:00,50.82757166947724
111,2025-06-05 15:00:00,49.64151260504202
112,2025-06-05 16:00:00,49.0635652173913
113,2025-06-05 17:00:00,50.268924640135474
114,2025-06-05 18:00:00,49.97935368043088
115,2025-06-05 19:00:00,51.06849315068493
116,2025-06-05 20:00:00,50.20298769771529
117,2025-06-05 21:00:00,49.084201537147734
118,2025-06-05 22:00:00,50.87561419472248
119,2025-06-05 23:00:00,50.07676518883415
144,2025-06-06 00:00:00,48.99991079393399
145,2025-06-06 01:00:00,50.91301247771836
146,2025-06-06 02:00:00,50.37949826989619
147,2025-06-06 03:00:00,50.02531860662702
148,2025-06-06 04:00:00,50.504296545914066
149,2025-06-06 05:00:00,48.79911347517731
150,2025-06-06 06:00:00,48.97251264755481
151,2025-06-06 07:00:00,49.00650542118432
152,2025-06-06 08:00:00,50.29758412424504
153,2025-06-06 09:00:00,48.68791032826261
154,2025-06-06 10:00:00,51.27273504273504
155,2025-06-06 11:00:00,50.01998262380538
156,2025-06-06 12:00:00,50.66643776824034
157,2025-06-06 13:00:00,51.06981132075472
158,2025-06-06 14:00:00,51.48886894075404
159,2025-06-06 15:00:00,48.62604895104895
160,2025-06-06 16:00:00,49.716795201371035
161,2025-06-06 17:00:00,49.20683012259194
162,2025-06-06 18:00:00,50.17606473594548
163,2025-06-06 19:00:00,49.3516550522648
164,2025-06-06 20:00:00,51.19342327150085
165,2025-06-06 21:00:00,50.11923383878691
166,2025-06-06 22:00:00,49.753191489361704
167,2025-06-06 23:00:00,49.24384410983171
168,2025-06-07 00:00:00,50.04944868532655
169,2025-06-07 01:00:00,49.88357695614789
170,2025-06-07 02:00:00,49.79436741767764
171,2025-06-07 03:00:00,50.6189165950129
172,2025-06-07 04:00:00,49.84797535211268
173,2025-06-07 05:00:00,49.31564390665514
174,2025-06-07 06:00:00,49.00016515276631
175,2025-06-07 07:00:00,51.66596774193549
176,2025-06-07 08:00:00,50.92263814616756
177,2025-06-07 09:00:00,50.281663837011884
178,2025-06-07 10:00:00,48.90298889837746
179,2025-06-07 11:00:00,49.290353982300886
180,2025-06-07 12:00:00,49.64267990074442
181,2025-06-07 13:00:00,50.150127011007626
182,2025-06-07 14:00:00,49.60142222222222
183,2025-06-07 15:00:00,51.347927461139896
184,2025-06-07 16:00:00,49.56009975062344
185,2025-06-07 17:00:00,50.183219761499146
186,2025-06-07 18:00:00,48.77261802575107
187,2025-06-07 19:00:00,49.31360544217687
188,2025-06-07 20:00:00,50.47744755244755
189,2025-06-07 21:00:00,49.50909090909091
190,2025-06-07 22:00:00,50.1477537437604
191,2025-06-07 23:00:00,49.67998244073749
432,2025-06-08 00:00:00,48.98637152777778
433,2025-06-08 01:00:00,50.03916811091854
434,2025-06-08 02:00:00,49.77137840210711
435,2025-06-08 03:00:00,50.54566003616637
436,2025-06-08 04:00:00,48.8064406779661
437,2025-06-08 05:00:00,49.08924103419516
438,2025-06-08 06:00:00,48.56162299239222
439,2025-06-08 07:00:00,49.30008810572687
440,2025-06-08 08:00:00,48.44096586178185
441,2025-06-08 09:00:00,49.65475982532751
442,2025-06-08 10:00:00,50.32316865417376
443,2025-06-08 11:00:00,52.00376712328767
444,2025-06-08 12:00:00,49.77827938671209
445,2025-06-08 13:00:00,50.89709401709401
446,2025-06-08 14:00:00,50.58813838550247
447,2025-06-08 15:00:00,50.080924369747905
448,2025-06-08 16:00:00,49.731426131511526
449,2025-06-08 17:00:00,49.89965217391304
450,2025-06-08 18:00:00,50.7563066776587
451,2025-06-08 19:00:00,51.19917355371901
452,2025-06-08 20:00:00,47.31309931506849
453,2025-06-08 21:00:00,49.871476230191824
454,2025-06-08 22:00:00,50.48210251954822
455,2025-06-08 23:00:00,50.32983802216539
696,2025-06-09 00:00:00,48.66291000841043
697,2025-06-09 01:00:00,49.345158597662774
698,2025-06-09 02:00:00,48.49701357466063
699,2025-06-09 03:00:00,49.53467381590706
700,2025-06-09 04:00:00,49.52037351443124
701,2025-06-09 05:00:00,49.39230125523013
702,2025-06-09 06:00:00,49.46065843621399
703,2025-06-09 07:00:00,51.08673376029277
704,2025-06-09 08:00:00,48.54682472480948
705,2025-06-09 09:00:00,50.897516556291386
706,2025-06-09 10:00:00,50.68708860759494
707,2025-06-09 11:00:00,49.065989847715734
708,2025-06-09 12:00:00,49.69413793103448
709,2025-06-09 13:00:00,49.03188153310104
710,2025-06-09 14:00:00,50.30525846702317
711,2025-06-09 15:00:00,50.683778966131904
712,2025-06-09 16:00:00,49.67765182186235
713,2025-06-09 17:00:00,49.01459600347524
714,2025-06-09 18:00:00,50.536310517529216
715,2025-06-09 19:00:00,50.03222918531782
716,2025-06-09 20:00:00,51.952960259529604
717,2025-06-09 21:00:00,50.195454545454545
718,2025-06-09 22:00:00,49.3895358649789
719,2025-06-09 23:00:00,47.85027711797308
48,2025-06-10 00:00:00,49.16814159292036
49,2025-06-10 01:00:00,49.53783333333333
50,2025-06-10 02:00:00,50.96895368782162
51,2025-06-10 03:00:00,50.1633445945946
52,2025-06-10 04:00:00,49.801679929266136
53,2025-06-10 05:00:00,49.14032403240324
54,2025-06-10 06:00:00,50.60636672325977
55,2025-06-10 07:00:00,50.56150556030796
56,2025-06-10 08:00:00,50.51663837011884
57,2025-06-10 09:00:00,49.54128919860627
58,2025-06-10 10:00:00,50.19716006884681
59,2025-06-10 11:00:00,50.61224322103533
60,2025-06-10 12:00:00,49.98047662694775
61,2025-06-10 13:00:00,50.491260504201676
62,2025-06-10 14:00:00,50.736837606837604
63,2025-06-10 15:00:00,50.01137931034482
64,2025-06-10 16:00:00,50.261322314049586
65,2025-06-10 17:00:00,49.377787162162164
66,2025-06-10 18:00:00,49.98947368421052
67,2025-06-10 19:00:00,49.75480367585631
68,2025-06-10 20:00:00,50.34835640138408
69,2025-06-10 21:00:00,49.292869269949065
70,2025-06-10 22:00:00,50.39096334185848
71,2025-06-10 23:00:00,49.81163194444444
648,2025-06-11 00:00:00,47.75640802092415
649,2025-06-11 01:00:00,49.30546875
650,2025-06-11 02:00:00,50.8083904109589
651,2025-06-11 03:00:00,50.72292993630573
652,2025-06-11 04:00:00,51.47472727272727
653,2025-06-11 05:00:00,50.12983939137785
654,2025-06-11 06:00:00,49.998226351351356
655,2025-06-11 07:00:00,50.29183333333333
656,2025-06-11 08:00:00,49.6431441048035
657,2025-06-11 09:00:00,50.39532627865962
658,2025-06-11 10:00:00,49.63642086330935
659,2025-06-11 11:00:00,49.68056951423785
660,2025-06-11 12:00:00,48.950495867768595
661,2025-06-11 13:00:00,48.44809805579036
662,2025-06-11 14:00:00,49.55961199294533
663,2025-06-11 15:00:00,48.84867109634552
664,2025-06-11 16:00:00,49.08202341137124
665,2025-06-11 17:00:00,50.779615048118984
666,2025-06-11 18:00:00,50.64962153069807
667,2025-06-11 19:00:00,49.45744680851064
668,2025-06-11 20:00:00,50.49290096406661
669,2025-06-11 21:00:00,49.82224108658743
670,2025-06-11 22:00:00,49.249957374254045
671,2025-06-11 23:00:00,49.84340101522843
456,2025-06-12 00:00:00,50.26590330788804
457,2025-06-12 01:00:00,51.00314516129033
458,2025-06-12 02:00:00,48.045572916666664
459,2025-06-12 03:00:00,47.914762301918266
460,2025-06-12 04:00:00,49.49954832881662
461,2025-06-12 05:00:00,49.01073703366697
462,2025-06-12 06:00:00,50.73728813559322
463,2025-06-12 07:00:00,50.324999999999996
464,2025-06-12 08:00:00,48.498747913188645
465,2025-06-12 09:00:00,50.401769165964616
466,2025-06-12 10:00:00,49.62957746478873
467,2025-06-12 11:00:00,50.39250217959895
468,2025-06-12 12:00:00,49.827510917030565
469,2025-06-12 13:00:00,50.37428571428572
470,2025-06-12 14:00:00,49.61768650461023
471,2025-06-12 15:00:00,49.93234797297298
472,2025-06-12 16:00:00,49.814776632302404
473,2025-06-12 17:00:00,49.074354407836154
474,2025-06-12 18:00:00,48.41073170731707
475,2025-06-12 19:00:00,48.06754966887417
476,2025-06-12 20:00:00,50.13276785714285
477,2025-06-12 21:00:00,49.34627354627355
478,2025-06-12 22:00:00,50.68320140721196
479,2025-06-12 23:00:00,49.88716814159292
216,2025-06-13 00:00:00,48.420312499999994
217,2025-06-13 01:00:00,49.85191666666667
218,2025-06-13 02:00:00,50.151328191945154
219,2025-06-13 03:00:00,50.18033072236727
220,2025-06-13 04:00:00,50.17204391891892
221,2025-06-13 05:00:00,49.83593882752761
222,2025-06-13 06:00:00,49.70462074978204
223,2025-06-13 07:00:00,50.18436988543372
224,2025-06-13 08:00:00,50.986309523809524
225,2025-06-13 09:00:00,49.05913338997451
226,2025-06-13 10:00:00,49.87056856187291
227,2025-06-13 11:00:00,50.90834782608695
228,2025-06-13 12:00:00,50.75909479077711
229,2025-06-13 13:00:00,49.9726306465899
230,2025-06-13 14:00:00,49.92519214346712
231,2025-06-13 15:00:00,51.03498799039231
232,2025-06-13 16:00:00,49.8561144839549
233,2025-06-13 17:00:00,51.47806563039723
234,2025-06-13 18:00:00,49.264552562988705
235,2025-06-13 19:00:00,50.284897610921504
236,2025-06-13 20:00:00,49.281875
237,2025-06-13 21:00:00,48.52620274914089
238,2025-06-13 22:00:00,48.83782645324347
239,2025-06-13 23:00:00,49.64084858569052
264,2025-06-14 00:00:00,50.22789886660855
265,2025-06-14 01:00:00,50.13350739773716
266,2025-06-14 02:00:00,49.90642123287671
267,2025-06-14 03:00:00,49.579602420051856
268,2025-06-14 04:00:00,50.56155821917808
269,2025-06-14 05:00:00,49.679436860068265
270,2025-06-14 06:00:00,50.26384335154827
271,2025-06-14 07:00:00,50.25962399283796
272,2025-06-14 08:00:00,49.9618841832325
273,2025-06-14 09:00:00,51.25404699738903
274,2025-06-14 10:00:00,50.82672199170124
275,2025-06-14 11:00:00,49.717261904761905
276,2025-06-14 12:00:00,50.0689110556941
277,2025-06-14 13:00:00,50.10584307178631
278,2025-06-14 14:00:00,50.346933769419465
279,2025-06-14 15:00:00,49.546160409556315
280,2025-06-14 16:00:00,51.86394957983193
281,2025-06-14 17:00:00,51.0977312390925
282,2025-06-14 18:00:00,49.27091836734694
283,2025-06-14 19:00:00,49.34863676341249
284,2025-06-14 20:00:00,50.22107545533391
285,2025-06-14 21:00:00,49.4951598173516
286,2025-06-14 22:00:00,48.47133443163097
287,2025-06-14 23:00:00,51.059865659109995
360,2025-06-15 00:00:00,50.296374367622256
361,2025-06-15 01:00:00,50.7891797556719
362,2025-06-15 02:00:00,49.81998223801066
363,2025-06-15 03:00:00,49.20546541417592
364,2025-06-15 04:00:00,48.34064685314685
365,2025-06-15 05:00:00,47.973299748110826
366,2025-06-15 06:00:00,49.46318027210884
367,2025-06-15 07:00:00,49.37002540220153
368,2025-06-15 08:00:00,50.29002601908066
369,2025-06-15 09:00:00,49.38553791887125
370,2025-06-15 10:00:00,49.01803278688525
371,2025-06-15 11:00:00,50.16261261261261
372,2025-06-15 12:00:00,50.037157534246575
373,2025-06-15 13:00:00,49.807329401853416
374,2025-06-15 14:00:00,48.8186282811177
375,2025-06-15 15:00:00,50.3856652360515
376,2025-06-15 16:00:00,50.88003412969283
377,2025-06-15 17:00:00,49.252020636285465
378,2025-06-15 18:00:00,51.811332179930794
379,2025-06-15 19:00:00,49.254285714285714
380,2025-06-15 20:00:00,50.205164737310774
381,2025-06-15 21:00:00,47.63855098389982
382,2025-06-15 22:00:00,50.33192868719611
383,2025-06-15 23:00:00,51.029239230064164
312,2025-06-16 00:00:00,51.67098919368246
313,2025-06-16 01:00:00,50.41551724137931
314,2025-06-16 02:00:00,50.43987889273357
315,2025-06-16 03:00:00,50.56871270247229
316,2025-06-16 04:00:00,49.878443113772455
317,2025-06-16 05:00:00,48.732059079061685
318,2025-06-16 06:00:00,49.8654181184669
319,2025-06-16 07:00:00,50.634709351305816
320,2025-06-16 08:00:00,50.435591766723846
321,2025-06-16 09:00:00,49.68524734982332
322,2025-06-16 10:00:00,51.038442211055276
323,2025-06-16 11:00:00,50.0062100456621
324,2025-06-16 12:00:00,50.61705882352941
325,2025-06-16 13:00:00,49.9475189234651
326,2025-06-16 14:00:00,48.82381348875937
327,2025-06-16 15:00:00,51.39471890971039
328,2025-06-16 16:00:00,49.125579399141635
329,2025-06-16 17:00:00,50.30057995028998
330,2025-06-16 18:00:00,51.159931798806475
331,2025-06-16 19:00:00,51.83305988515176
332,2025-06-16 20:00:00,51.61789652247668
333,2025-06-16 21:00:00,50.87910052910053
334,2025-06-16 22:00:00,50.19932432432432
335,2025-06-16 23:00:00,49.90110826939471
672,2025-06-17 00:00:00,49.9826278659612
673,2025-06-17 01:00:00,48.60028625954198
674,2025-06-17 02:00:00,49.22580364900087
675,2025-06-17 03:00:00,50.45310880829015
676,2025-06-17 04:00:00,49.836724565756825
677,2025-06-17 05:00:00,50.172419928825626
678,2025-06-17 06:00:00,50.21981292517007
679,2025-06-17 07:00:00,49.054841402337225
680,2025-06-17 08:00:00,50.85029239766082
681,2025-06-17 09:00:00,49.34397224631396
682,2025-06-17 10:00:00,50.09847198641766
683,2025-06-17 11:00:00,49.806228956228956
684,2025-06-17 12:00:00,49.98250428816466
685,2025-06-17 13:00:00,51.08418323249784
686,2025-06-17 14:00:00,50.23915611814346
687,2025-06-17 15:00:00,50.41670995670996
688,2025-06-17 16:00:00,48.96420068027211
689,2025-06-17 17:00:00,49.91973333333333
690,2025-06-17 18:00:00,51.47564766839378
691,2025-06-17 19:00:00,50.68763485477178
692,2025-06-17 20:00:00,48.758139534883725
693,2025-06-17 21:00:00,48.89576891781937
694,2025-06-17 22:00:00,50.26382623224729
695,2025-06-17 23:00:00,50.0893864013267
576,2025-06-18 00:00:00,48.624765957446805
577,2025-06-18 01:00:00,50.61957411957412
578,2025-06-18 02:00:00,49.73772609819122
579,2025-06-18 03:00:00,49.957154953429296
580,2025-06-18 04:00:00,50.507209499575914
581,2025-06-18 05:00:00,50.262205387205384
582,2025-06-18 06:00:00,49.882746478873244
583,2025-06-18 07:00:00,51.428418451400326
584,2025-06-18 08:00:00,49.69192863211555
585,2025-06-18 09:00:00,51.3069936421435
586,2025-06-18 10:00:00,51.31655405405406
587,2025-06-18 11:00:00,49.68724770642201
588,2025-06-18 12:00:00,50.52721991701245
589,2025-06-18 13:00:00,49.38862642169728
590,2025-06-18 14:00:00,50.482402001668056
591,2025-06-18 15:00:00,49.10213675213675
592,2025-06-18 16:00:00,49.452991452991455
593,2025-06-18 17:00:00,51.2
594,2025-06-18 18:00:00,50.82076648841355
595,2025-06-18 19:00:00,49.56194225721785
596,2025-06-18 20:00:00,51.34428442844285
597,2025-06-18 21:00:00,50.26940363007778
598,2025-06-18 22:00:00,50.47911993097498
599,2025-06-18 23:00:00,49.28947368421053
192,2025-06-19 00:00:00,49.90367892976589
193,2025-06-19 01:00:00,50.2535500427716
194,2025-06-19 02:00:00,50.53465176268272
195,2025-06-19 03:00:00,50.38119658119658
196,2025-06-19 04:00:00,49.264088888888885
197,2025-06-19 05:00:00,49.33971690258118
198,2025-06-19 06:00:00,49.45016260162601
199,2025-06-19 07:00:00,50.55127986348123
200,2025-06-19 08:00:00,51.721428571428575
201,2025-06-19 09:00:00,49.09172932330827
202,2025-06-19 10:00:00,49.02536924413553
203,2025-06-19 11:00:00,49.41824623560673
204,2025-06-19 12:00:00,49.618197278911566
205,2025-06-19 13:00:00,49.24463818657367
206,2025-06-19 14:00:00,50.29600709849157
207,2025-06-19 15:00:00,49.039828326180256
208,2025-06-19 16:00:00,51.03683304647161
209,2025-06-19 17:00:00,49.07236363636363
210,2025-06-19 18:00:00,51.017781541066896
211,2025-06-19 19:00:00,48.517972742759795
212,2025-06-19 20:00:00,48.905788067675864
213,2025-06-19 21:00:00,50.3460343417825
214,2025-06-19 22:00:00,50.5419410745234
215,2025-06-19 23:00:00,50.439775461106656
288,2025-06-20 00:00:00,51.10421139554087
289,2025-06-20 01:00:00,49.58382608695652
290,2025-06-20 02:00:00,49.992204526404024
291,2025-06-20 03:00:00,51.47292965271594
292,2025-06-20 04:00:00,48.450788091068304
293,2025-06-20 05:00:00,48.44060552092609
294,2025-06-20 06:00:00,50.073710482529115
295,2025-06-20 07:00:00,49.03078924544666
296,2025-06-20 08:00:00,50.23413978494624
297,2025-06-20 09:00:00,50.48420608108108
298,2025-06-20 10:00:00,50.412215132178666
299,2025-06-20 11:00:00,50.766827309236945
300,2025-06-20 12:00:00,50.31937172774869
301,2025-06-20 13:00:00,48.0432915921288
302,2025-06-20 14:00:00,49.27384196185286
303,2025-06-20 15:00:00,50.59692832764505
304,2025-06-20 16:00:00,50.27042965459141
305,2025-06-20 17:00:00,49.92508169934641
306,2025-06-20 18:00:00,49.509385964912276
307,2025-06-20 19:00:00,51.06588744588745
308,2025-06-20 20:00:00,49.68934563758389
309,2025-06-20 21:00:00,49.58444252376837
310,2025-06-20 22:00:00,49.775463371579875
311,2025-06-20 23:00:00,48.73150457190357
600,2025-06-21 00:00:00,49.979674796747965
601,2025-06-21 01:00:00,50.446
602,2025-06-21 02:00:00,50.6203166226913
603,2025-06-21 03:00:00,49.88918454935622
604,2025-06-21 04:00:00,49.971116928446776
605,2025-06-21 05:00:00,50.79991496598639
606,2025-06-21 06:00:00,51.14944868532655
607,2025-06-21 07:00:00,50.0324120603015
608,2025-06-21 08:00:00,50.863945578231295
609,2025-06-21 09:00:00,51.17928388746803
610,2025-06-21 10:00:00,48.035411255411255
611,2025-06-21 11:00:00,48.927241379310345
612,2025-06-21 12:00:00,50.188269073010666
613,2025-06-21 13:00:00,50.68705357142857
614,2025-06-21 14:00:00,50.69991379310345
615,2025-06-21 15:00:00,49.050581395348836
616,2025-06-21 16:00:00,49.946747614917605
617,2025-06-21 17:00:00,49.02817725752508
618,2025-06-21 18:00:00,51.20831889081456
619,2025-06-21 19:00:00,49.297343616109686
620,2025-06-21 20:00:00,49.41895482728078
621,2025-06-21 21:00:00,49.46357388316151
622,2025-06-21 22:00:00,50.84564102564103
623,2025-06-21 23:00:00,49.9769918699187
552,2025-06-22 00:00:00,51.20174708818636
553,2025-06-22 01:00:00,49.91897926634769
554,2025-06-22 02:00:00,48.83835956917979
555,2025-06-22 03:00:00,50.42281432139884
556,2025-06-22 04:00:00,49.15538194444444
557,2025-06-22 05:00:00,49.62783417935702
558,2025-06-22 06:00:00,50.748568790397044
559,2025-06-22 07:00:00,50.79908485856905
560,2025-06-22 08:00:00,50.18852459016394
561,2025-06-22 09:00:00,50.717294520547945
562,2025-06-22 10:00:00,49.01728813559322
563,2025-06-22 11:00:00,51.15965665236052
564,2025-06-22 12:00:00,49.96878868258178
565,2025-06-22 13:00:00,51.2857654431513
566,2025-06-22 14:00:00,50.22905172413793
567,2025-06-22 15:00:00,49.47152961980549
568,2025-06-22 16:00:00,51.068447837150124
569,2025-06-22 17:00:00,50.59421768707483
570,2025-06-22 18:00:00,50.05998356614626
571,2025-06-22 19:00:00,50.09374456993918
572,2025-06-22 20:00:00,49.946812386156644
573,2025-06-22 21:00:00,51.28493647912886
574,2025-06-22 22:00:00,50.97360406091371
575,2025-06-22 23:00:00,51.48464800678541
72,2025-06-23 00:00:00,49.18823031329382
73,2025-06-23 01:00:00,49.47628424657535
74,2025-06-23 02:00:00,50.30379310344828
75,2025-06-23 03:00:00,50.476066945606696
76,2025-06-23 04:00:00,49.01831561733442
77,2025-06-23 05:00:00,49.93766696349065
78,2025-06-23 06:00:00,50.174221453287196
79,2025-06-23 07:00:00,50.87156521739131
80,2025-06-23 08:00:00,49.043350168350166
81,2025-06-23 09:00:00,48.044327176781
82,2025-06-23 10:00:00,50.011519607843134
83,2025-06-23 11:00:00,49.91032702237522
84,2025-06-23 12:00:00,51.384166666666665
85,2025-06-23 13:00:00,50.438525963149075
86,2025-06-23 14:00:00,50.68503937007874
87,2025-06-23 15:00:00,50.141108132260946
88,2025-06-23 16:00:00,49.73347039473684
89,2025-06-23 17:00:00,50.30017137960583
90,2025-06-23 18:00:00,48.75708154506438
91,2025-06-23 19:00:00,49.27062999112689
92,2025-06-23 20:00:00,48.8371332774518
93,2025-06-23 21:00:00,51.6881711409396
94,2025-06-23 22:00:00,49.45527426160338
95,2025-06-23 23:00:00,49.97641996557659
336,2025-06-24 00:00:00,50.4452442159383
337,2025-06-24 01:00:00,50.878438030560275
338,2025-06-24 02:00:00,49.46408695652174
339,2025-06-24 03:00:00,49.701503094606544
340,2025-06-24 04:00:00,49.83870431893688
341,2025-06-24 05:00:00,50.40524054982818
342,2025-06-24 06:00:00,51.638494077834174
343,2025-06-24 07:00:00,48.66866319444445
344,2025-06-24 08:00:00,52.521727019498606
345,2025-06-24 09:00:00,49.02456861133936
346,2025-06-24 10:00:00,50.16655348047538
347,2025-06-24 11:00:00,49.12692619626926
348,2025-06-24 12:00:00,50.86583261432269
349,2025-06-24 13:00:00,49.40412805391744
350,2025-06-24 14:00:00,48.890512820512825
351,2025-06-24 15:00:00,50.14276150627615
352,2025-06-24 16:00:00,47.94522998296422
353,2025-06-24 17:00:00,50.6521815008726
354,2025-06-24 18:00:00,51.76243093922652
355,2025-06-24 19:00:00,48.61154170176917
356,2025-06-24 20:00:00,50.93124456048738
357,2025-06-24 21:00:00,49.49086294416244
358,2025-06-24 22:00:00,48.1551948051948
359,2025-06-24 23:00:00,49.140972222222224
480,2025-06-25 00:00:00,50.98666092943201
481,2025-06-25 01:00:00,50.92765598650927
482,2025-06-25 02:00:00,50.55983606557377
483,2025-06-25 03:00:00,49.06320201173512
484,2025-06-25 04:00:00,50.33063683304647
485,2025-06-25 05:00:00,51.07160940325497
486,2025-06-25 06:00:00,50.43105263157895
487,2025-06-25 07:00:00,49.79618386816999
488,2025-06-25 08:00:00,48.31722080136402
489,2025-06-25 09:00:00,50.27596638655462
490,2025-06-25 10:00:00,49.55169712793734
491,2025-06-25 11:00:00,51.187808764940236
492,2025-06-25 12:00:00,50.2359102244389
493,2025-06-25 13:00:00,50.89856054191363
494,2025-06-25 14:00:00,50.01139554087531
495,2025-06-25 15:00:00,49.08861209964412
496,2025-06-25 16:00:00,49.656218057921635
497,2025-06-25 17:00:00,50.828442028985506
498,2025-06-25 18:00:00,49.45395744680851
499,2025-06-25 19:00:00,50.91858921161826
500,2025-06-25 20:00:00,50.03551020408163
501,2025-06-25 21:00:00,49.58943894389439
502,2025-06-25 22:00:00,49.658601655933765
503,2025-06-25 23:00:00,51.46263643996642
120,2025-06-26 00:00:00,50.77590467784643
121,2025-06-26 01:00:00,49.63730017761989
122,2025-06-26 02:00:00,48.575956738768724
123,2025-06-26 03:00:00,49.60141592920354
124,2025-06-26 04:00:00,50.775378151260504
125,2025-06-26 05:00:00,51.64296807592752
126,2025-06-26 06:00:00,51.105428329092454
127,2025-06-26 07:00:00,50.491614629794825
128,2025-06-26 08:00:00,49.661888701517704
129,2025-06-26 09:00:00,50.70373588184188
130,2025-06-26 10:00:00,49.28399311531842
131,2025-06-26 11:00:00,50.97851912123678
132,2025-06-26 12:00:00,50.481506276150625
133,2025-06-26 13:00:00,50.02229845626072
134,2025-06-26 14:00:00,50.02560344827586
135,2025-06-26 15:00:00,50.413850415512464
136,2025-06-26 16:00:00,49.52646288209607
137,2025-06-26 17:00:00,49.03345195729537
138,2025-06-26 18:00:00,50.5609630266552
139,2025-06-26 19:00:00,50.5493690851735
140,2025-06-26 20:00:00,50.87732864674868
141,2025-06-26 21:00:00,49.850253378378376
142,2025-06-26 22:00:00,49.93474576271186
143,2025-06-26 23:00:00,50.80939655172414
408,2025-06-27 00:00:00,49.21963087248322
409,2025-06-27 01:00:00,50.378415521422795
410,2025-06-27 02:00:00,49.06138613861386
411,2025-06-27 03:00:00,50.42061369000787
412,2025-06-27 04:00:00,50.40008703220191
413,2025-06-27 05:00:00,48.24132158590309
414,2025-06-27 06:00:00,49.353439153439155
415,2025-06-27 07:00:00,50.476155938349955
416,2025-06-27 08:00:00,50.80304568527919
417,2025-06-27 09:00:00,49.84393013100437
418,2025-06-27 10:00:00,49.494132439228835
419,2025-06-27 11:00:00,51.377172958735734
420,2025-06-27 12:00:00,50.48734693877551
421,2025-06-27 13:00:00,49.570964987190436
422,2025-06-27 14:00:00,49.11621160409556
423,2025-06-27 15:00:00,49.57102564102564
424,2025-06-27 16:00:00,49.464964788732395
425,2025-06-27 17:00:00,49.46543422184007
426,2025-06-27 18:00:00,49.93746701846966
427,2025-06-27 19:00:00,51.84511668107174
428,2025-06-27 20:00:00,50.37126833477136
429,2025-06-27 21:00:00,49.941346153846155
430,2025-06-27 22:00:00,49.91673746813934
431,2025-06-27 23:00:00,49.948118985126854
0,2025-06-28 00:00:00,50.41846282372598
1,2025-06-28 01:00:00,49.34782244556114
2,2025-06-28 02:00:00,49.58453947368421
3,2025-06-28 03:00:00,49.64377758164166
4,2025-06-28 04:00:00,50.02491467576792
5,2025-06-28 05:00:00,49.665378151260505
6,2025-06-28 06:00:00,50.45322314049587
7,2025-06-28 07:00:00,50.21385390428211
8,2025-06-28 08:00:00,49.53741496598639
9,2025-06-28 09:00:00,50.12875
10,2025-06-28 10:00:00,48.57012765957447
11,2025-06-28 11:00:00,48.989331075359864
12,2025-06-28 12:00:00,49.029371231696814
13,2025-06-28 13:00:00,49.804605263157896
14,2025-06-28 14:00:00,50.455746140651804
15,2025-06-28 15:00:00,50.514260563380276
16,2025-06-28 16:00:00,50.08231233822261
17,2025-06-28 17:00:00,51.30339685169842
18,2025-06-28 18:00:00,49.96583850931677
19,2025-06-28 19:00:00,49.13303498779496
20,2025-06-28 20:00:00,49.27431874483897
21,2025-06-28 21:00:00,50.97102564102564
22,2025-06-28 22:00:00,48.68751054852321
23,2025-06-28 23:00:00,50.81190082644628
504,2025-06-29 00:00:00,50.07632687447346
505,2025-06-29 01:00:00,49.90931623931624
506,2025-06-29 02:00:00,48.72189973614776
507,2025-06-29 03:00:00,50.14861924686193
508,2025-06-29 04:00:00,50.502407566638006
509,2025-06-29 05:00:00,51.21130587204207
510,2025-06-29 06:00:00,50.58618592528236
511,2025-06-29 07:00:00,50.31034180543383
512,2025-06-29 08:00:00,50.607021996615906
513,2025-06-29 09:00:00,48.92359154929577
514,2025-06-29 10:00:00,50.63238731218698
515,2025-06-29 11:00:00,49.82927439532944
516,2025-06-29 12:00:00,49.84050209205021
517,2025-06-29 13:00:00,49.18344537815126
518,2025-06-29 14:00:00,49.3235807860262
519,2025-06-29 15:00:00,50.81587436332767
520,2025-06-29 16:00:00,49.551677852348995
521,2025-06-29 17:00:00,50.18306789606035
522,2025-06-29 18:00:00,48.94884318766067
523,2025-06-29 19:00:00,48.12943201376937
524,2025-06-29 20:00:00,49.465975103734436
525,2025-06-29 21:00:00,48.94
526,2025-06-29 22:00:00,50.03092962641181
527,2025-06-29 23:00:00,50.88669991687448
528,2025-06-30 00:00:00,49.7649063032368
529,2025-06-30 01:00:00,50.300586264656616
530,2025-06-30 02:00:00,49.321304347826086
531,2025-06-30 03:00:00,50.59956970740103
532,2025-06-30 04:00:00,50.30542168674699
533,2025-06-30 05:00:00,51.3815207780725
534,2025-06-30 06:00:00,49.09423903697334
535,2025-06-30 07:00:00,50.544920235096555
536,2025-06-30 08:00:00,49.12200165425972
537,2025-06-30 09:00:00,48.56702412868633
538,2025-06-30 10:00:00,51.18490566037736
539,2025-06-30 11:00:00,48.6951301427372
540,2025-06-30 12:00:00,50.076409366869036
541,2025-06-30 13:00:00,49.29349457881568
542,2025-06-30 14:00:00,50.84171779141104
543,2025-06-30 15:00:00,50.318069087688215
544,2025-06-30 16:00:00,48.941410048622366
545,2025-06-30 17:00:00,50.11736842105263
546,2025-06-30 18:00:00,50.626
547,2025-06-30 19:00:00,50.77204301075269
548,2025-06-30 20:00:00,48.99823083403538
549,2025-06-30 21:00:00,50.61590713671539
550,2025-06-30 22:00:00,48.214888337468985
551,2025-06-30 23:00:00,50.4067612687813
